code	sample
0	0
1	1
2	2
3	3
4	4
5	5
6	6
7	7
8	8
9	9
10	10
11	11
12	12
13	13
14	14
15	15
16	16
17	17
18	18
19	19
20	20
21	21
22	22
23	23
24	24
25	25
26	26
27	27
28	28
29	29
30	30
31	31
32	32
33	33
34	34
35	35
36	36
37	37
38	38
39	39
40	40
41	41
42	42
43	43
44	44
45	45
46	46
47	47
48	48
49	49
50	50
51	51
52	52
53	53
54	54
55	55
56	56
57	57
58	58
59	59
60	60
61	61
62	62
63	63
64	64
65	65
66	66
67	67
68	68
69	69
70	70
71	71
72	72
73	73
74	74
75	75
76	76
77	77
78	78
79	79
80	80
81	81
82	82
83	83
84	84
85	85
86	86
87	87
88	88
89	89
90	90
91	91
92	92
93	93
94	94
95	95
96	96
97	97
98	98
99	99
100	100
101	101
102	102
103	103
104	104
105	105
106	106
107	107
108	108
109	109
110	110
111	111
112	112
113	113
114	114
115	115
116	116
117	117
118	118
119	119
120	120
121	121
122	122
123	123
124	124
125	125
126	126
127	127
128	128
129	129
130	130
131	131
132	132
133	133
134	134
135	135
136	136
137	137
138	138
139	139
140	140
141	141
142	142
143	143
144	144
145	145
146	146
147	147
148	148
149	149
150	150
151	151
152	152
153	153
154	154
155	155
156	156
157	157
158	158
159	159
160	160
161	161
162	162
163	163
164	164
165	165
166	166
167	167
168	168
169	169
170	170
171	171
172	172
173	173
174	174
175	175
176	176
177	177
178	178
179	179
180	180
181	181
182	182
183	183
184	184
185	185
186	186
187	187
188	188
189	189
190	190
191	191
192	192
193	193
194	194
195	195
196	196
197	197
198	198
199	199
200	200
201	201
202	202
203	203
204	204
205	205
206	206
207	207
208	208
209	209
210	210
211	211
212	212
213	213
214	214
215	215
216	216
217	217
218	218
219	219
220	220
221	221
222	222
223	223
224	224
225	225
226	226
227	227
228	228
229	229
230	230
231	231
232	232
233	233
234	234
235	235
236	236
237	237
238	238
239	239
240	240
241	241
242	242
243	243
244	244
245	245
246	246
247	247
248	248
249	249
250	250
251	251
252	252
253	253
254	254
255	255
256	256
257	257
258	258
259	259
260	260
261	261
262	262
263	263
264	264
265	265
266	266
267	267
268	268
269	269
270	270
271	271
272	272
273	273
274	274
275	275
276	276
277	277
278	278
279	279
280	280
281	281
282	282
283	283
284	284
285	285
286	286
287	287
288	288
289	289
290	290
291	291
292	292
293	293
294	294
295	295
296	296
297	297
298	298
299	299
300	300
301	301
302	302
303	303
304	304
305	305
306	306
307	307
308	308
309	309
310	310
311	311
312	312
313	313
314	314
315	315
316	316
317	317
318	318
319	319
320	320
321	321
322	322
323	323
324	324
325	325
326	326
327	327
328	328
329	329
330	330
331	331
332	332
333	333
334	334
335	335
336	336
337	337
338	338
339	339
340	340
341	341
342	342
343	343
344	344
345	345
346	346
347	347
348	348
349	349
350	350
351	351
352	352
353	353
354	354
355	355
356	356
357	357
358	358
359	359
360	360
361	361
362	362
363	363
364	364
365	365
366	366
367	367
368	368
369	369
370	370
371	371
372	372
373	373
374	374
375	375
376	376
377	377
378	378
379	379
380	380
381	381
382	382
383	383
384	384
385	385
386	386
387	387
388	388
389	389
390	390
391	391
392	392
393	393
394	394
395	395
396	396
397	397
398	398
399	399
400	400
401	401
402	402
403	403
404	404
405	405
406	406
407	407
408	408
409	409
410	410
411	411
412	412
413	413
414	414
415	415
416	416
417	417
418	418
419	419
420	420
421	421
422	422
423	423
424	424
425	425
426	426
427	427
428	428
429	429
430	430
431	431
432	432
433	433
434	434
435	435
436	436
437	437
438	438
439	439
440	440
441	441
442	442
443	443
444	444
445	445
446	446
447	447
448	448
449	449
450	450
451	451
452	452
453	453
454	454
455	455
456	456
457	457
458	458
459	459
460	460
461	461
462	462
463	463
464	464
465	465
466	466
467	467
468	468
469	469
470	470
471	471
472	472
473	473
474	474
475	475
476	476
477	477
478	478
479	479
480	480
481	481
482	482
483	483
484	484
485	485
486	486
487	487
488	488
489	489
490	490
491	491
492	492
493	493
494	494
495	495
496	496
497	497
498	498
499	499
500	500
501	501
502	502
503	503
504	504
505	505
506	506
507	507
508	508
509	509
510	510
511	511
512	512
513	513
514	514
515	515
516	516
517	517
518	518
519	519
520	520
521	521
522	522
523	523
524	524
525	525
526	526
527	527
528	528
529	529
530	530
531	531
532	532
533	533
534	534
535	535
536	536
537	537
538	538
539	539
540	540
541	541
542	542
543	543
544	544
545	545
546	546
547	547
548	548
549	549
550	550
551	551
552	552
553	553
554	554
555	555
556	556
557	557
558	558
559	559
560	560
561	561
562	562
563	563
564	564
565	565
566	566
567	567
568	568
569	569
570	570
571	571
572	572
573	573
574	574
575	575
576	576
577	577
578	578
579	579
580	580
581	581
582	582
583	583
584	584
585	585
586	586
587	587
588	588
589	589
590	590
591	591
592	592
593	593
594	594
595	595
596	596
597	597
598	598
599	599
600	600
601	601
602	602
603	603
604	604
605	605
606	606
607	607
608	608
609	609
610	610
611	611
612	612
613	613
614	614
615	615
616	616
617	617
618	618
619	619
620	620
621	621
622	622
623	623
624	624
625	625
626	626
627	627
628	628
629	629
630	630
631	631
632	632
633	633
634	634
635	635
636	636
637	637
638	638
639	639
640	640
641	641
642	642
643	643
644	644
645	645
646	646
647	647
648	648
649	649
650	650
651	651
652	652
653	653
654	654
655	655
656	656
657	657
658	658
659	659
660	660
661	661
662	662
663	663
664	664
665	665
666	666
667	667
668	668
669	669
670	670
671	671
672	672
673	673
674	674
675	675
676	676
677	677
678	678
679	679
680	680
681	681
682	682
683	683
684	684
685	685
686	686
687	687
688	688
689	689
690	690
691	691
692	692
693	693
694	694
695	695
696	696
697	697
698	698
699	699
700	700
701	701
702	702
703	703
704	704
705	705
706	706
707	707
708	708
709	709
710	710
711	711
712	712
713	713
714	714
715	715
716	716
717	717
718	718
719	719
720	720
721	721
722	722
723	723
724	724
725	725
726	726
727	727
728	728
729	729
730	730
731	731
732	732
733	733
734	734
735	735
736	736
737	737
738	738
739	739
740	740
741	741
742	742
743	743
744	744
745	745
746	746
747	747
748	748
749	749
750	750
751	751
752	752
753	753
754	754
755	755
756	756
757	757
758	758
759	759
760	760
761	761
762	762
763	763
764	764
765	765
766	766
767	767
768	768
769	769
770	770
771	771
772	772
773	773
774	774
775	775
776	776
777	777
778	778
779	779
780	780
781	781
782	782
783	783
784	784
785	785
786	786
787	787
788	788
789	789
790	790
791	791
792	792
793	793
794	794
795	795
796	796
797	797
798	798
799	799
800	800
801	801
802	802
803	803
804	804
805	805
806	806
807	807
808	808
809	809
810	810
811	811
812	812
813	813
814	814
815	815
816	816
817	817
818	818
819	819
820	820
821	821
822	822
823	823
824	824
825	825
826	826
827	827
828	828
829	829
830	830
831	831
832	832
833	833
834	834
835	835
836	836
837	837
838	838
839	839
840	840
841	841
842	842
843	843
844	844
845	845
846	846
847	847
848	848
849	849
850	850
851	851
852	852
853	853
854	854
855	855
856	856
857	857
858	858
859	859
860	860
861	861
862	862
863	863
864	864
865	865
866	866
867	867
868	868
869	869
870	870
871	871
872	872
873	873
874	874
875	875
876	876
877	877
878	878
879	879
880	880
881	881
882	882
883	883
884	884
885	885
886	886
887	887
888	888
889	889
890	890
891	891
892	892
893	893
894	894
895	895
896	896
897	897
898	898
899	899
900	900
901	901
902	902
903	903
904	904
905	905
906	906
907	907
908	908
909	909
910	910
911	911
912	912
913	913
914	914
915	915
916	916
917	917
918	918
919	919
920	920
921	921
922	922
923	923
924	924
925	925
926	926
927	927
928	928
929	929
930	930
931	931
932	932
933	933
934	934
935	935
936	936
937	937
938	938
939	939
940	940
941	941
942	942
943	943
944	944
945	945
946	946
947	947
948	948
949	949
950	950
951	951
952	952
953	953
954	954
955	955
956	956
957	957
958	958
959	959
960	960
961	961
962	962
963	963
964	964
965	965
966	966
967	967
968	968
969	969
970	970
971	971
972	972
973	973
974	974
975	975
976	976
977	977
978	978
979	979
980	980
981	981
982	982
983	983
984	984
985	985
986	986
987	987
988	988
989	989
990	990
991	991
992	992
993	993
994	994
995	995
996	996
997	997
998	998
999	999
1000	1000
1001	1001
1002	1002
1003	1003
1004	1004
1005	1005
1006	1006
1007	1007
1008	1008
1009	1009
1010	1010
1011	1011
1012	1012
1013	1013
1014	1014
1015	1015
1016	1016
1017	1017
1018	1018
1019	1019
1020	1020
1021	1021
1022	1022
1023	1023
1024	1024
1025	1025
1026	1026
1027	1027
1028	1028
1029	1029
1030	1030
1031	1031
1032	1032
1033	1033
1034	1034
1035	1035
1036	1036
1037	1037
1038	1038
1039	1039
1040	1040
1041	1041
1042	1042
1043	1043
1044	1044
1045	1045
1046	1046
1047	1047
1048	1048
1049	1049
1050	1050
1051	1051
1052	1052
1053	1053
1054	1054
1055	1055
1056	1056
1057	1057
1058	1058
1059	1059
1060	1060
1061	1061
1062	1062
1063	1063
1064	1064
1065	1065
1066	1066
1067	1067
1068	1068
1069	1069
1070	1070
1071	1071
1072	1072
1073	1073
1074	1074
1075	1075
1076	1076
1077	1077
1078	1078
1079	1079
1080	1080
1081	1081
1082	1082
1083	1083
1084	1084
1085	1085
1086	1086
1087	1087
1088	1088
1089	1089
1090	1090
1091	1091
1092	1092
1093	1093
1094	1094
1095	1095
1096	1096
1097	1097
1098	1098
1099	1099
1100	1100
1101	1101
1102	1102
1103	1103
1104	1104
1105	1105
1106	1106
1107	1107
1108	1108
1109	1109
1110	1110
1111	1111
1112	1112
1113	1113
1114	1114
1115	1115
1116	1116
1117	1117
1118	1118
1119	1119
1120	1120
1121	1121
1122	1122
1123	1123
1124	1124
1125	1125
1126	1126
1127	1127
1128	1128
1129	1129
1130	1130
1131	1131
1132	1132
1133	1133
1134	1134
1135	1135
1136	1136
1137	1137
1138	1138
1139	1139
1140	1140
1141	1141
1142	1142
1143	1143
1144	1144
1145	1145
1146	1146
1147	1147
1148	1148
1149	1149
1150	1150
1151	1151
1152	1152
1153	1153
1154	1154
1155	1155
1156	1156
1157	1157
1158	1158
1159	1159
1160	1160
1161	1161
1162	1162
1163	1163
1164	1164
1165	1165
1166	1166
1167	1167
1168	1168
1169	1169
1170	1170
1171	1171
1172	1172
1173	1173
1174	1174
1175	1175
1176	1176
1177	1177
1178	1178
1179	1179
1180	1180
1181	1181
1182	1182
1183	1183
1184	1184
1185	1185
1186	1186
1187	1187
1188	1188
1189	1189
1190	1190
1191	1191
1192	1192
1193	1193
1194	1194
1195	1195
1196	1196
1197	1197
1198	1198
1199	1199
1200	1200
1201	1201
1202	1202
1203	1203
1204	1204
1205	1205
1206	1206
1207	1207
1208	1208
1209	1209
1210	1210
1211	1211
1212	1212
1213	1213
1214	1214
1215	1215
1216	1216
1217	1217
1218	1218
1219	1219
1220	1220
1221	1221
1222	1222
1223	1223
1224	1224
1225	1225
1226	1226
1227	1227
1228	1228
1229	1229
1230	1230
1231	1231
1232	1232
1233	1233
1234	1234
1235	1235
1236	1236
1237	1237
1238	1238
1239	1239
1240	1240
1241	1241
1242	1242
1243	1243
1244	1244
1245	1245
1246	1246
1247	1247
1248	1248
1249	1249
1250	1250
1251	1251
1252	1252
1253	1253
1254	1254
1255	1255
1256	1256
1257	1257
1258	1258
1259	1259
1260	1260
1261	1261
1262	1262
1263	1263
1264	1264
1265	1265
1266	1266
1267	1267
1268	1268
1269	1269
1270	1270
1271	1271
1272	1272
1273	1273
1274	1274
1275	1275
1276	1276
1277	1277
1278	1278
1279	1279
1280	1280
1281	1281
1282	1282
1283	1283
1284	1284
1285	1285
1286	1286
1287	1287
1288	1288
1289	1289
1290	1290
1291	1291
1292	1292
1293	1293
1294	1294
1295	1295
1296	1296
1297	1297
1298	1298
1299	1299
1300	1300
1301	1301
1302	1302
1303	1303
1304	1304
1305	1305
1306	1306
1307	1307
1308	1308
1309	1309
1310	1310
1311	1311
1312	1312
1313	1313
1314	1314
1315	1315
1316	1316
1317	1317
1318	1318
1319	1319
1320	1320
1321	1321
1322	1322
1323	1323
1324	1324
1325	1325
1326	1326
1327	1327
1328	1328
1329	1329
1330	1330
1331	1331
1332	1332
1333	1333
1334	1334
1335	1335
1336	1336
1337	1337
1338	1338
1339	1339
1340	1340
1341	1341
1342	1342
1343	1343
1344	1344
1345	1345
1346	1346
1347	1347
1348	1348
1349	1349
1350	1350
1351	1351
1352	1352
1353	1353
1354	1354
1355	1355
1356	1356
1357	1357
1358	1358
1359	1359
1360	1360
1361	1361
1362	1362
1363	1363
1364	1364
1365	1365
1366	1366
1367	1367
1368	1368
1369	1369
1370	1370
1371	1371
1372	1372
1373	1373
1374	1374
1375	1375
1376	1376
1377	1377
1378	1378
1379	1379
1380	1380
1381	1381
1382	1382
1383	1383
1384	1384
1385	1385
1386	1386
1387	1387
1388	1388
1389	1389
1390	1390
1391	1391
1392	1392
1393	1393
1394	1394
1395	1395
1396	1396
1397	1397
1398	1398
1399	1399
1400	1400
1401	1401
1402	1402
1403	1403
1404	1404
1405	1405
1406	1406
1407	1407
1408	1408
1409	1409
1410	1410
1411	1411
1412	1412
1413	1413
1414	1414
1415	1415
1416	1416
1417	1417
1418	1418
1419	1419
1420	1420
1421	1421
1422	1422
1423	1423
1424	1424
1425	1425
1426	1426
1427	1427
1428	1429
1429	1430
1430	1431
1431	1432
1432	1433
1433	1434
1434	1435
1435	1436
1436	1438
1437	1439
1438	1440
1439	1441
1440	1442
1441	1443
1442	1444
1443	1445
1444	1446
1445	1447
1446	1448
1447	1449
1448	1450
1449	1451
1450	1452
1451	1453
1452	1455
1453	1456
1454	1457
1455	1458
1456	1459
1457	1460
1458	1461
1459	1462
1460	1463
1461	1464
1462	1465
1463	1466
1464	1467
1465	1468
1466	1469
1467	1470
1468	1471
1469	1472
1470	1473
1471	1474
1472	1475
1473	1476
1474	1477
1475	1478
1476	1480
1477	1481
1478	1482
1479	1483
1480	1484
1481	1485
1482	1486
1483	1487
1484	1489
1485	1490
1486	1491
1487	1492
1488	1493
1489	1494
1490	1495
1491	1496
1492	1497
1493	1498
1494	1499
1495	1500
1496	1501
1497	1502
1498	1503
1499	1504
1500	1505
1501	1506
1502	1507
1503	1508
1504	1509
1505	1510
1506	1511
1507	1512
1508	1513
1509	1514
1510	1515
1511	1516
1512	1517
1513	1518
1514	1519
1515	1520
1516	1522
1517	1523
1518	1524
1519	1525
1520	1526
1521	1527
1522	1529
1523	1530
1524	1531
1525	1532
1526	1534
1527	1535
1528	1536
1529	1537
1530	1538
1531	1539
1532	1541
1533	1542
1534	1543
1535	1544
1536	1545
1537	1546
1538	1548
1539	1549
1540	1550
1541	1551
1542	1553
1543	1554
1544	1555
1545	1556
1546	1558
1547	1559
1548	1561
1549	1562
1550	1563
1551	1565
1552	1566
1553	1567
1554	1568
1555	1569
1556	1571
1557	1572
1558	1573
1559	1574
1560	1575
1561	1576
1562	1578
1563	1579
1564	1580
1565	1581
1566	1583
1567	1584
1568	1585
1569	1586
1570	1588
1571	1589
1572	1590
1573	1591
1574	1593
1575	1594
1576	1595
1577	1596
1578	1598
1579	1599
1580	1601
1581	1602
1582	1603
1583	1605
1584	1606
1585	1607
1586	1608
1587	1609
1588	1611
1589	1612
1590	1613
1591	1614
1592	1615
1593	1616
1594	1618
1595	1619
1596	1621
1597	1622
1598	1623
1599	1625
1600	1626
1601	1627
1602	1629
1603	1630
1604	1631
1605	1632
1606	1634
1607	1635
1608	1636
1609	1637
1610	1639
1611	1640
1612	1641
1613	1642
1614	1644
1615	1645
1616	1646
1617	1647
1618	1649
1619	1650
1620	1651
1621	1652
1622	1654
1623	1655
1624	1656
1625	1657
1626	1659
1627	1660
1628	1662
1629	1663
1630	1664
1631	1666
1632	1667
1633	1668
1634	1670
1635	1671
1636	1673
1637	1674
1638	1675
1639	1677
1640	1678
1641	1680
1642	1681
1643	1683
1644	1685
1645	1686
1646	1688
1647	1689
1648	1691
1649	1692
1650	1694
1651	1695
1652	1697
1653	1698
1654	1699
1655	1701
1656	1702
1657	1704
1658	1705
1659	1707
1660	1709
1661	1710
1662	1712
1663	1713
1664	1715
1665	1716
1666	1718
1667	1719
1668	1720
1669	1721
1670	1723
1671	1724
1672	1725
1673	1727
1674	1728
1675	1730
1676	1731
1677	1733
1678	1734
1679	1736
1680	1737
1681	1739
1682	1740
1683	1742
1684	1743
1685	1745
1686	1746
1687	1748
1688	1749
1689	1750
1690	1752
1691	1753
1692	1755
1693	1756
1694	1757
1695	1759
1696	1760
1697	1762
1698	1763
1699	1765
1700	1767
1701	1768
1702	1770
1703	1771
1704	1773
1705	1774
1706	1776
1707	1777
1708	1779
1709	1780
1710	1781
1711	1783
1712	1784
1713	1786
1714	1787
1715	1789
1716	1791
1717	1792
1718	1794
1719	1795
1720	1797
1721	1799
1722	1801
1723	1802
1724	1804
1725	1806
1726	1808
1727	1809
1728	1811
1729	1813
1730	1814
1731	1816
1732	1818
1733	1819
1734	1821
1735	1822
1736	1824
1737	1826
1738	1827
1739	1829
1740	1831
1741	1832
1742	1834
1743	1835
1744	1837
1745	1839
1746	1841
1747	1842
1748	1844
1749	1846
1750	1848
1751	1849
1752	1851
1753	1853
1754	1854
1755	1856
1756	1858
1757	1859
1758	1861
1759	1862
1760	1864
1761	1866
1762	1868
1763	1869
1764	1871
1765	1873
1766	1875
1767	1876
1768	1878
1769	1880
1770	1881
1771	1883
1772	1885
1773	1886
1774	1888
1775	1889
1776	1891
1777	1893
1778	1894
1779	1896
1780	1898
1781	1899
1782	1901
1783	1902
1784	1904
1785	1906
1786	1908
1787	1909
1788	1911
1789	1913
1790	1915
1791	1916
1792	1918
1793	1920
1794	1922
1795	1924
1796	1926
1797	1927
1798	1929
1799	1931
1800	1933
1801	1935
1802	1937
1803	1938
1804	1940
1805	1942
1806	1944
1807	1945
1808	1947
1809	1949
1810	1951
1811	1953
1812	1955
1813	1957
1814	1959
1815	1961
1816	1963
1817	1965
1818	1967
1819	1968
1820	1970
1821	1972
1822	1974
1823	1975
1824	1977
1825	1979
1826	1981
1827	1983
1828	1985
1829	1986
1830	1988
1831	1990
1832	1992
1833	1994
1834	1996
1835	1998
1836	2000
1837	2001
1838	2003
1839	2005
1840	2007
1841	2009
1842	2011
1843	2013
1844	2015
1845	2016
1846	2018
1847	2020
1848	2022
1849	2024
1850	2026
1851	2027
1852	2029
1853	2031
1854	2033
1855	2034
1856	2036
1857	2038
1858	2040
1859	2042
1860	2044
1861	2046
1862	2048
1863	2050
1864	2052
1865	2054
1866	2056
1867	2058
1868	2060
1869	2062
1870	2064
1871	2066
1872	2068
1873	2070
1874	2072
1875	2074
1876	2076
1877	2078
1878	2080
1879	2082
1880	2084
1881	2086
1882	2088
1883	2090
1884	2092
1885	2094
1886	2096
1887	2098
1888	2100
1889	2102
1890	2104
1891	2106
1892	2109
1893	2111
1894	2113
1895	2115
1896	2117
1897	2119
1898	2121
1899	2123
1900	2125
1901	2127
1902	2129
1903	2131
1904	2133
1905	2135
1906	2137
1907	2139
1908	2141
1909	2143
1910	2145
1911	2147
1912	2149
1913	2151
1914	2153
1915	2155
1916	2157
1917	2159
1918	2161
1919	2163
1920	2165
1921	2167
1922	2170
1923	2172
1924	2175
1925	2177
1926	2179
1927	2182
1928	2184
1929	2186
1930	2188
1931	2190
1932	2193
1933	2195
1934	2197
1935	2199
1936	2201
1937	2203
1938	2206
1939	2208
1940	2210
1941	2212
1942	2215
1943	2217
1944	2219
1945	2221
1946	2224
1947	2226
1948	2228
1949	2230
1950	2233
1951	2235
1952	2237
1953	2239
1954	2242
1955	2244
1956	2247
1957	2249
1958	2251
1959	2254
1960	2256
1961	2258
1962	2261
1963	2263
1964	2265
1965	2267
1966	2270
1967	2272
1968	2274
1969	2276
1970	2279
1971	2281
1972	2283
1973	2285
1974	2288
1975	2290
1976	2292
1977	2294
1978	2297
1979	2299
1980	2302
1981	2304
1982	2306
1983	2309
1984	2311
1985	2314
1986	2316
1987	2319
1988	2321
1989	2324
1990	2326
1991	2329
1992	2331
1993	2333
1994	2336
1995	2338
1996	2340
1997	2342
1998	2345
1999	2347
2000	2349
2001	2352
2002	2354
2003	2357
2004	2359
2005	2362
2006	2364
2007	2367
2008	2369
2009	2371
2010	2374
2011	2376
2012	2379
2013	2381
2014	2383
2015	2386
2016	2388
2017	2390
2018	2393
2019	2395
2020	2398
2021	2400
2022	2402
2023	2405
2024	2407
2025	2410
2026	2412
2027	2415
2028	2417
2029	2420
2030	2422
2031	2425
2032	2427
2033	2430
2034	2432
2035	2435
2036	2438
2037	2440
2038	2443
2039	2445
2040	2448
2041	2451
2042	2453
2043	2456
2044	2459
2045	2461
2046	2464
2047	2466
2048	2469
2049	2472
2050	2475
2051	2477
2052	2480
2053	2483
2054	2486
2055	2488
2056	2491
2057	2494
2058	2496
2059	2499
2060	2501
2061	2504
2062	2506
2063	2509
2064	2511
2065	2514
2066	2517
2067	2519
2068	2522
2069	2525
2070	2528
2071	2530
2072	2533
2073	2536
2074	2538
2075	2541
2076	2543
2077	2546
2078	2548
2079	2551
2080	2553
2081	2556
2082	2559
2083	2561
2084	2564
2085	2567
2086	2570
2087	2572
2088	2575
2089	2578
2090	2581
2091	2584
2092	2587
2093	2589
2094	2592
2095	2595
2096	2598
2097	2601
2098	2604
2099	2606
2100	2609
2101	2612
2102	2615
2103	2617
2104	2620
2105	2623
2106	2626
2107	2629
2108	2632
2109	2634
2110	2637
2111	2640
2112	2643
2113	2646
2114	2649
2115	2652
2116	2655
2117	2657
2118	2660
2119	2663
2120	2666
2121	2669
2122	2672
2123	2675
2124	2678
2125	2680
2126	2683
2127	2686
2128	2689
2129	2692
2130	2695
2131	2698
2132	2701
2133	2704
2134	2707
2135	2710
2136	2713
2137	2716
2138	2719
2139	2722
2140	2725
2141	2727
2142	2730
2143	2733
2144	2736
2145	2739
2146	2742
2147	2745
2148	2749
2149	2752
2150	2755
2151	2758
2152	2761
2153	2764
2154	2767
2155	2770
2156	2773
2157	2776
2158	2779
2159	2782
2160	2785
2161	2788
2162	2791
2163	2794
2164	2798
2165	2801
2166	2804
2167	2807
2168	2810
2169	2813
2170	2816
2171	2819
2172	2823
2173	2826
2174	2829
2175	2832
2176	2835
2177	2838
2178	2841
2179	2844
2180	2848
2181	2851
2182	2854
2183	2857
2184	2860
2185	2863
2186	2867
2187	2870
2188	2873
2189	2876
2190	2880
2191	2883
2192	2886
2193	2889
2194	2893
2195	2896
2196	2899
2197	2902
2198	2906
2199	2909
2200	2912
2201	2915
2202	2919
2203	2922
2204	2925
2205	2928
2206	2932
2207	2935
2208	2938
2209	2941
2210	2945
2211	2948
2212	2952
2213	2955
2214	2958
2215	2962
2216	2965
2217	2968
2218	2972
2219	2975
2220	2979
2221	2982
2222	2985
2223	2989
2224	2992
2225	2995
2226	2999
2227	3002
2228	3006
2229	3009
2230	3012
2231	3016
2232	3019
2233	3023
2234	3026
2235	3030
2236	3033
2237	3037
2238	3040
2239	3044
2240	3047
2241	3051
2242	3054
2243	3058
2244	3061
2245	3065
2246	3068
2247	3072
2248	3075
2249	3079
2250	3082
2251	3086
2252	3089
2253	3093
2254	3096
2255	3100
2256	3103
2257	3107
2258	3110
2259	3114
2260	3118
2261	3121
2262	3125
2263	3128
2264	3132
2265	3136
2266	3139
2267	3143
2268	3146
2269	3150
2270	3153
2271	3157
2272	3160
2273	3164
2274	3168
2275	3171
2276	3175
2277	3179
2278	3183
2279	3186
2280	3190
2281	3194
2282	3197
2283	3201
2284	3205
2285	3208
2286	3212
2287	3215
2288	3219
2289	3223
2290	3227
2291	3231
2292	3235
2293	3238
2294	3242
2295	3246
2296	3250
2297	3254
2298	3258
2299	3261
2300	3265
2301	3269
2302	3273
2303	3276
2304	3280
2305	3284
2306	3288
2307	3292
2308	3296
2309	3299
2310	3303
2311	3307
2312	3311
2313	3315
2314	3319
2315	3323
2316	3327
2317	3331
2318	3335
2319	3339
2320	3343
2321	3347
2322	3351
2323	3354
2324	3358
2325	3362
2326	3366
2327	3369
2328	3373
2329	3377
2330	3381
2331	3385
2332	3389
2333	3393
2334	3397
2335	3401
2336	3405
2337	3409
2338	3413
2339	3417
2340	3422
2341	3426
2342	3430
2343	3434
2344	3438
2345	3442
2346	3446
2347	3450
2348	3455
2349	3459
2350	3463
2351	3467
2352	3471
2353	3475
2354	3479
2355	3483
2356	3487
2357	3491
2358	3495
2359	3499
2360	3503
2361	3507
2362	3512
2363	3516
2364	3520
2365	3524
2366	3529
2367	3533
2368	3537
2369	3541
2370	3546
2371	3550
2372	3554
2373	3558
2374	3563
2375	3567
2376	3571
2377	3575
2378	3580
2379	3584
2380	3589
2381	3593
2382	3597
2383	3602
2384	3606
2385	3610
2386	3615
2387	3619
2388	3624
2389	3628
2390	3632
2391	3637
2392	3641
2393	3645
2394	3650
2395	3654
2396	3658
2397	3662
2398	3667
2399	3671
2400	3675
2401	3680
2402	3684
2403	3689
2404	3693
2405	3698
2406	3702
2407	3707
2408	3711
2409	3716
2410	3720
2411	3725
2412	3729
2413	3734
2414	3738
2415	3743
2416	3747
2417	3752
2418	3756
2419	3761
2420	3766
2421	3770
2422	3775
2423	3779
2424	3784
2425	3789
2426	3793
2427	3798
2428	3802
2429	3807
2430	3811
2431	3816
2432	3820
2433	3825
2434	3830
2435	3834
2436	3839
2437	3844
2438	3849
2439	3853
2440	3858
2441	3863
2442	3868
2443	3872
2444	3877
2445	3882
2446	3887
2447	3891
2448	3896
2449	3901
2450	3906
2451	3910
2452	3915
2453	3920
2454	3925
2455	3929
2456	3934
2457	3939
2458	3944
2459	3949
2460	3954
2461	3958
2462	3963
2463	3968
2464	3973
2465	3978
2466	3983
2467	3988
2468	3993
2469	3997
2470	4002
2471	4007
2472	4012
2473	4017
2474	4022
2475	4027
2476	4032
2477	4037
2478	4042
2479	4047
2480	4052
2481	4057
2482	4062
2483	4067
2484	4072
2485	4077
2486	4082
2487	4087
2488	4092
2489	4097
2490	4102
2491	4107
2492	4113
2493	4118
2494	4123
2495	4128
2496	4133
2497	4138
2498	4143
2499	4148
2500	4154
2501	4159
2502	4164
2503	4169
2504	4174
2505	4179
2506	4185
2507	4190
2508	4195
2509	4200
2510	4206
2511	4211
2512	4216
2513	4221
2514	4227
2515	4232
2516	4237
2517	4242
2518	4248
2519	4253
2520	4258
2521	4263
2522	4269
2523	4274
2524	4280
2525	4285
2526	4290
2527	4296
2528	4301
2529	4306
2530	4312
2531	4317
2532	4323
2533	4328
2534	4333
2535	4339
2536	4344
2537	4350
2538	4355
2539	4361
2540	4366
2541	4372
2542	4377
2543	4383
2544	4388
2545	4394
2546	4399
2547	4405
2548	4410
2549	4416
2550	4421
2551	4427
2552	4432
2553	4438
2554	4444
2555	4449
2556	4455
2557	4461
2558	4467
2559	4472
2560	4478
2561	4484
2562	4489
2563	4495
2564	4500
2565	4506
2566	4511
2567	4517
2568	4522
2569	4528
2570	4534
2571	4540
2572	4546
2573	4551
2574	4557
2575	4563
2576	4569
2577	4575
2578	4581
2579	4586
2580	4592
2581	4598
2582	4604
2583	4609
2584	4615
2585	4621
2586	4627
2587	4633
2588	4639
2589	4644
2590	4650
2591	4656
2592	4662
2593	4668
2594	4674
2595	4680
2596	4686
2597	4692
2598	4698
2599	4704
2600	4710
2601	4716
2602	4722
2603	4728
2604	4734
2605	4740
2606	4746
2607	4752
2608	4758
2609	4764
2610	4771
2611	4777
2612	4783
2613	4789
2614	4796
2615	4802
2616	4808
2617	4814
2618	4820
2619	4826
2620	4832
2621	4838
2622	4844
2623	4850
2624	4856
2625	4862
2626	4869
2627	4875
2628	4882
2629	4888
2630	4894
2631	4901
2632	4907
2633	4913
2634	4920
2635	4926
2636	4933
2637	4939
2638	4945
2639	4952
2640	4958
2641	4964
2642	4971
2643	4977
2644	4983
2645	4989
2646	4996
2647	5002
2648	5008
2649	5015
2650	5021
2651	5028
2652	5034
2653	5041
2654	5047
2655	5054
2656	5060
2657	5067
2658	5073
2659	5080
2660	5087
2661	5093
2662	5100
2663	5106
2664	5113
2665	5120
2666	5126
2667	5133
2668	5140
2669	5146
2670	5153
2671	5159
2672	5166
2673	5173
2674	5180
2675	5186
2676	5193
2677	5200
2678	5207
2679	5213
2680	5220
2681	5227
2682	5234
2683	5240
2684	5247
2685	5254
2686	5261
2687	5267
2688	5274
2689	5281
2690	5288
2691	5295
2692	5302
2693	5309
2694	5316
2695	5323
2696	5330
2697	5337
2698	5344
2699	5351
2700	5358
2701	5365
2702	5372
2703	5379
2704	5386
2705	5393
2706	5400
2707	5407
2708	5414
2709	5421
2710	5428
2711	5435
2712	5442
2713	5449
2714	5456
2715	5463
2716	5471
2717	5478
2718	5485
2719	5492
2720	5499
2721	5506
2722	5514
2723	5521
2724	5528
2725	5535
2726	5543
2727	5550
2728	5557
2729	5564
2730	5572
2731	5579
2732	5587
2733	5594
2734	5601
2735	5609
2736	5616
2737	5623
2738	5631
2739	5638
2740	5646
2741	5653
2742	5660
2743	5668
2744	5675
2745	5683
2746	5690
2747	5698
2748	5705
2749	5713
2750	5720
2751	5728
2752	5735
2753	5743
2754	5751
2755	5758
2756	5766
2757	5774
2758	5782
2759	5789
2760	5797
2761	5805
2762	5812
2763	5820
2764	5828
2765	5835
2766	5843
2767	5850
2768	5858
2769	5866
2770	5874
2771	5881
2772	5889
2773	5897
2774	5905
2775	5912
2776	5920
2777	5928
2778	5936
2779	5944
2780	5952
2781	5959
2782	5967
2783	5975
2784	5983
2785	5991
2786	5999
2787	6007
2788	6015
2789	6023
2790	6031
2791	6039
2792	6047
2793	6055
2794	6063
2795	6071
2796	6079
2797	6087
2798	6095
2799	6103
2800	6111
2801	6119
2802	6128
2803	6136
2804	6144
2805	6152
2806	6161
2807	6169
2808	6177
2809	6185
2810	6194
2811	6202
2812	6210
2813	6218
2814	6227
2815	6235
2816	6243
2817	6251
2818	6260
2819	6268
2820	6277
2821	6285
2822	6293
2823	6302
2824	6310
2825	6319
2826	6327
2827	6336
2828	6344
2829	6353
2830	6361
2831	6370
2832	6378
2833	6387
2834	6395
2835	6404
2836	6412
2837	6421
2838	6429
2839	6438
2840	6446
2841	6455
2842	6464
2843	6472
2844	6481
2845	6490
2846	6499
2847	6507
2848	6516
2849	6525
2850	6534
2851	6543
2852	6552
2853	6560
2854	6569
2855	6578
2856	6587
2857	6596
2858	6605
2859	6613
2860	6622
2861	6631
2862	6640
2863	6648
2864	6657
2865	6666
2866	6675
2867	6684
2868	6694
2869	6703
2870	6712
2871	6721
2872	6730
2873	6739
2874	6748
2875	6757
2876	6767
2877	6776
2878	6785
2879	6794
2880	6803
2881	6812
2882	6822
2883	6831
2884	6840
2885	6849
2886	6859
2887	6868
2888	6877
2889	6886
2890	6896
2891	6905
2892	6914
2893	6923
2894	6933
2895	6942
2896	6951
2897	6961
2898	6970
2899	6980
2900	6989
2901	6999
2902	7008
2903	7018
2904	7027
2905	7037
2906	7046
2907	7056
2908	7065
2909	7075
2910	7084
2911	7094
2912	7103
2913	7113
2914	7123
2915	7132
2916	7142
2917	7152
2918	7162
2919	7171
2920	7181
2921	7191
2922	7201
2923	7210
2924	7220
2925	7230
2926	7240
2927	7249
2928	7259
2929	7269
2930	7279
2931	7289
2932	7299
2933	7309
2934	7319
2935	7329
2936	7339
2937	7349
2938	7359
2939	7369
2940	7379
2941	7389
2942	7399
2943	7409
2944	7419
2945	7429
2946	7440
2947	7450
2948	7460
2949	7470
2950	7481
2951	7491
2952	7501
2953	7511
2954	7522
2955	7532
2956	7543
2957	7553
2958	7563
2959	7574
2960	7584
2961	7594
2962	7605
2963	7615
2964	7626
2965	7636
2966	7646
2967	7657
2968	7667
2969	7678
2970	7688
2971	7699
2972	7709
2973	7720
2974	7730
2975	7741
2976	7751
2977	7762
2978	7772
2979	7783
2980	7794
2981	7804
2982	7815
2983	7825
2984	7836
2985	7847
2986	7858
2987	7869
2988	7880
2989	7890
2990	7901
2991	7912
2992	7923
2993	7934
2994	7945
2995	7956
2996	7967
2997	7977
2998	7988
2999	7999
3000	8010
3001	8021
3002	8032
3003	8043
3004	8055
3005	8066
3006	8077
3007	8088
3008	8099
3009	8110
3010	8122
3011	8133
3012	8144
3013	8155
3014	8167
3015	8178
3016	8189
3017	8200
3018	8212
3019	8223
3020	8234
3021	8245
3022	8257
3023	8268
3024	8279
3025	8291
3026	8302
3027	8314
3028	8326
3029	8337
3030	8349
3031	8360
3032	8372
3033	8384
3034	8395
3035	8407
3036	8418
3037	8430
3038	8441
3039	8453
3040	8464
3041	8476
3042	8488
3043	8500
3044	8512
3045	8523
3046	8535
3047	8547
3048	8559
3049	8571
3050	8583
3051	8595
3052	8607
3053	8618
3054	8630
3055	8642
3056	8654
3057	8666
3058	8678
3059	8690
3060	8702
3061	8714
3062	8726
3063	8738
3064	8750
3065	8762
3066	8775
3067	8787
3068	8799
3069	8811
3070	8824
3071	8836
3072	8848
3073	8860
3074	8873
3075	8885
3076	8898
3077	8910
3078	8922
3079	8935
3080	8947
3081	8960
3082	8972
3083	8985
3084	8997
3085	9010
3086	9022
3087	9035
3088	9047
3089	9060
3090	9072
3091	9085
3092	9098
3093	9110
3094	9123
3095	9135
3096	9148
3097	9161
3098	9174
3099	9187
3100	9200
3101	9212
3102	9225
3103	9238
3104	9251
3105	9264
3106	9277
3107	9290
3108	9303
3109	9316
3110	9329
3111	9342
3112	9355
3113	9368
3114	9381
3115	9394
3116	9408
3117	9421
3118	9434
3119	9447
3120	9460
3121	9473
3122	9487
3123	9500
3124	9513
3125	9526
3126	9540
3127	9553
3128	9566
3129	9580
3130	9593
3131	9607
3132	9620
3133	9634
3134	9647
3135	9661
3136	9674
3137	9688
3138	9701
3139	9715
3140	9728
3141	9742
3142	9755
3143	9769
3144	9782
3145	9796
3146	9810
3147	9824
3148	9838
3149	9851
3150	9865
3151	9879
3152	9893
3153	9907
3154	9921
3155	9935
3156	9949
3157	9963
3158	9977
3159	9991
3160	10005
3161	10019
3162	10033
3163	10047
3164	10061
3165	10075
3166	10089
3167	10103
3168	10117
3169	10131
3170	10146
3171	10160
3172	10175
3173	10189
3174	10203
3175	10218
3176	10232
3177	10247
3178	10261
3179	10276
3180	10290
3181	10305
3182	10319
3183	10334
3184	10348
3185	10363
3186	10377
3187	10392
3188	10407
3189	10421
3190	10436
3191	10450
3192	10465
3193	10480
3194	10495
3195	10509
3196	10524
3197	10539
3198	10554
3199	10568
3200	10583
3201	10598
3202	10613
3203	10628
3204	10643
3205	10658
3206	10673
3207	10688
3208	10703
3209	10718
3210	10734
3211	10749
3212	10764
3213	10779
3214	10795
3215	10810
3216	10825
3217	10840
3218	10856
3219	10871
3220	10887
3221	10902
3222	10917
3223	10933
3224	10948
3225	10964
3226	10979
3227	10995
3228	11010
3229	11026
3230	11041
3231	11057
3232	11072
3233	11088
3234	11104
3235	11120
3236	11136
3237	11151
3238	11167
3239	11183
3240	11199
3241	11215
3242	11231
3243	11247
3244	11263
3245	11278
3246	11294
3247	11310
3248	11326
3249	11342
3250	11358
3251	11374
3252	11391
3253	11407
3254	11423
3255	11439
3256	11455
3257	11471
3258	11488
3259	11504
3260	11521
3261	11537
3262	11553
3263	11570
3264	11586
3265	11603
3266	11619
3267	11636
3268	11652
3269	11669
3270	11685
3271	11702
3272	11718
3273	11735
3274	11752
3275	11768
3276	11785
3277	11802
3278	11819
3279	11835
3280	11852
3281	11869
3282	11886
3283	11903
3284	11920
3285	11937
3286	11954
3287	11971
3288	11988
3289	12005
3290	12022
3291	12039
3292	12057
3293	12074
3294	12091
3295	12108
3296	12125
3297	12142
3298	12160
3299	12177
3300	12195
3301	12212
3302	12229
3303	12247
3304	12264
3305	12282
3306	12299
3307	12317
3308	12335
3309	12352
3310	12370
3311	12387
3312	12405
3313	12423
3314	12441
3315	12458
3316	12476
3317	12494
3318	12512
3319	12529
3320	12547
3321	12565
3322	12583
3323	12601
3324	12619
3325	12637
3326	12655
3327	12673
3328	12691
3329	12709
3330	12728
3331	12746
3332	12764
3333	12782
3334	12801
3335	12819
3336	12837
3337	12855
3338	12874
3339	12892
3340	12911
3341	12929
3342	12947
3343	12966
3344	12984
3345	13003
3346	13022
3347	13040
3348	13059
3349	13078
3350	13097
3351	13115
3352	13134
3353	13153
3354	13172
3355	13191
3356	13210
3357	13228
3358	13247
3359	13266
3360	13285
3361	13304
3362	13323
3363	13342
3364	13362
3365	13381
3366	13400
3367	13419
3368	13438
3369	13457
3370	13477
3371	13496
3372	13516
3373	13535
3374	13554
3375	13574
3376	13593
3377	13613
3378	13632
3379	13652
3380	13672
3381	13691
3382	13711
3383	13730
3384	13750
3385	13770
3386	13790
3387	13810
3388	13830
3389	13849
3390	13869
3391	13889
3392	13909
3393	13929
3394	13949
3395	13969
3396	13990
3397	14010
3398	14030
3399	14050
3400	14070
3401	14090
3402	14111
3403	14131
3404	14151
3405	14171
3406	14192
3407	14212
3408	14232
3409	14253
3410	14273
3411	14294
3412	14315
3413	14335
3414	14356
3415	14376
3416	14397
3417	14418
3418	14439
3419	14460
3420	14481
3421	14501
3422	14522
3423	14543
3424	14564
3425	14585
3426	14606
3427	14627
3428	14648
3429	14669
3430	14690
3431	14711
3432	14732
3433	14753
3434	14775
3435	14796
3436	14818
3437	14839
3438	14860
3439	14882
3440	14903
3441	14925
3442	14946
3443	14968
3444	14990
3445	15011
3446	15033
3447	15054
3448	15076
3449	15098
3450	15120
3451	15142
3452	15164
3453	15185
3454	15207
3455	15229
3456	15251
3457	15273
3458	15295
3459	15317
3460	15340
3461	15362
3462	15384
3463	15406
3464	15428
3465	15450
3466	15473
3467	15495
3468	15518
3469	15540
3470	15562
3471	15585
3472	15607
3473	15630
3474	15653
3475	15675
3476	15698
3477	15721
3478	15744
3479	15766
3480	15789
3481	15812
3482	15835
3483	15858
3484	15881
3485	15903
3486	15926
3487	15949
3488	15972
3489	15995
3490	16019
3491	16042
3492	16065
3493	16088
3494	16112
3495	16135
3496	16158
3497	16182
3498	16205
3499	16229
3500	16253
3501	16276
3502	16300
3503	16323
3504	16347
3505	16371
3506	16395
3507	16418
3508	16442
3509	16466
3510	16490
3511	16513
3512	16537
3513	16561
3514	16585
3515	16609
3516	16634
3517	16658
3518	16682
3519	16706
3520	16730
3521	16754
3522	16779
3523	16803
3524	16828
3525	16852
3526	16876
3527	16901
3528	16925
3529	16950
3530	16975
3531	16999
3532	17024
3533	17049
3534	17074
3535	17098
3536	17123
3537	17148
3538	17173
3539	17198
3540	17223
3541	17248
3542	17273
3543	17298
3544	17323
3545	17348
3546	17374
3547	17399
3548	17424
3549	17449
3550	17475
3551	17500
3552	17525
3553	17551
3554	17576
3555	17602
3556	17628
3557	17653
3558	17679
3559	17704
3560	17730
3561	17756
3562	17782
3563	17808
3564	17834
3565	17860
3566	17886
3567	17912
3568	17938
3569	17964
3570	17991
3571	18017
3572	18043
3573	18069
3574	18096
3575	18122
3576	18148
3577	18175
3578	18201
3579	18228
3580	18254
3581	18281
3582	18307
3583	18334
3584	18360
3585	18387
3586	18414
3587	18441
3588	18468
3589	18494
3590	18521
3591	18548
3592	18575
3593	18602
3594	18630
3595	18657
3596	18684
3597	18711
3598	18739
3599	18766
3600	18793
3601	18821
3602	18848
3603	18876
3604	18904
3605	18931
3606	18959
3607	18986
3608	19014
3609	19042
3610	19070
3611	19097
3612	19125
3613	19153
3614	19181
3615	19208
3616	19236
3617	19264
3618	19293
3619	19321
3620	19349
3621	19377
3622	19406
3623	19434
3624	19462
3625	19491
3626	19519
3627	19548
3628	19577
3629	19605
3630	19634
3631	19662
3632	19691
3633	19720
3634	19749
3635	19778
3636	19807
3637	19835
3638	19864
3639	19893
3640	19922
3641	19951
3642	19981
3643	20010
3644	20040
3645	20069
3646	20098
3647	20128
3648	20157
3649	20187
3650	20216
3651	20246
3652	20276
3653	20305
3654	20335
3655	20364
3656	20394
3657	20424
3658	20454
3659	20484
3660	20514
3661	20544
3662	20574
3663	20604
3664	20634
3665	20664
3666	20695
3667	20725
3668	20756
3669	20786
3670	20816
3671	20847
3672	20877
3673	20908
3674	20939
3675	20969
3676	21000
3677	21031
3678	21062
3679	21092
3680	21123
3681	21154
3682	21185
3683	21216
3684	21247
3685	21278
3686	21309
3687	21340
3688	21371
3689	21403
3690	21434
3691	21466
3692	21497
3693	21529
3694	21560
3695	21592
3696	21623
3697	21655
3698	21687
3699	21719
3700	21751
3701	21782
3702	21814
3703	21846
3704	21878
3705	21910
3706	21943
3707	21975
3708	22007
3709	22039
3710	22072
3711	22104
3712	22136
3713	22169
3714	22202
3715	22234
3716	22267
3717	22300
3718	22333
3719	22365
3720	22398
3721	22431
3722	22464
3723	22497
3724	22530
3725	22563
3726	22596
3727	22629
3728	22662
3729	22696
3730	22729
3731	22763
3732	22796
3733	22830
3734	22863
3735	22897
3736	22930
3737	22964
3738	22998
3739	23032
3740	23066
3741	23099
3742	23133
3743	23167
3744	23201
3745	23235
3746	23270
3747	23304
3748	23338
3749	23372
3750	23407
3751	23441
3752	23475
3753	23510
3754	23545
3755	23579
3756	23614
3757	23649
3758	23684
3759	23718
3760	23753
3761	23788
3762	23823
3763	23858
3764	23894
3765	23929
3766	23964
3767	23999
3768	24034
3769	24070
3770	24105
3771	24141
3772	24176
3773	24212
3774	24247
3775	24283
3776	24318
3777	24354
3778	24390
3779	24426
3780	24462
3781	24498
3782	24534
3783	24570
3784	24606
3785	24643
3786	24679
3787	24716
3788	24752
3789	24789
3790	24825
3791	24862
3792	24898
3793	24935
3794	24972
3795	25009
3796	25046
3797	25082
3798	25119
3799	25156
3800	25193
3801	25230
3802	25268
3803	25305
3804	25342
3805	25379
3806	25417
3807	25454
3808	25491
3809	25529
3810	25567
3811	25605
3812	25643
3813	25680
3814	25718
3815	25756
3816	25794
3817	25832
3818	25871
3819	25909
3820	25947
3821	25985
3822	26024
3823	26062
3824	26100
3825	26139
3826	26178
3827	26216
3828	26255
3829	26294
3830	26333
3831	26371
3832	26410
3833	26449
3834	26488
3835	26527
3836	26567
3837	26606
3838	26645
3839	26684
3840	26723
3841	26763
3842	26802
3843	26842
3844	26882
3845	26921
3846	26961
3847	27000
3848	27040
3849	27080
3850	27121
3851	27161
3852	27201
3853	27241
3854	27282
3855	27322
3856	27362
3857	27403
3858	27443
3859	27484
3860	27525
3861	27565
3862	27606
3863	27646
3864	27687
3865	27728
3866	27769
3867	27810
3868	27852
3869	27893
3870	27934
3871	27975
3872	28016
3873	28058
3874	28099
3875	28141
3876	28183
3877	28224
3878	28266
3879	28307
3880	28349
3881	28391
3882	28433
3883	28475
3884	28518
3885	28560
3886	28602
3887	28644
3888	28686
3889	28729
3890	28772
3891	28814
3892	28857
3893	28900
3894	28943
3895	28985
3896	29028
3897	29071
3898	29114
3899	29157
3900	29201
3901	29244
3902	29287
3903	29330
3904	29373
3905	29417
3906	29461
3907	29504
3908	29548
3909	29592
3910	29636
3911	29679
3912	29723
3913	29767
3914	29812
3915	29856
3916	29900
3917	29944
3918	29989
3919	30033
3920	30077
3921	30122
3922	30167
3923	30211
3924	30256
3925	30301
3926	30346
3927	30390
3928	30435
3929	30480
3930	30526
3931	30571
3932	30617
3933	30662
3934	30707
3935	30753
3936	30798
3937	30844
3938	30890
3939	30936
3940	30982
3941	31027
3942	31073
3943	31119
3944	31165
3945	31212
3946	31258
3947	31305
3948	31351
3949	31398
3950	31444
3951	31491
3952	31537
3953	31584
3954	31631
3955	31678
3956	31725
3957	31772
3958	31819
3959	31866
3960	31913
3961	31961
3962	32008
3963	32056
3964	32104
3965	32151
3966	32199
3967	32246
3968	32294
3969	32342
3970	32390
3971	32438
3972	32487
3973	32535
3974	32583
3975	32631
3976	32679
3977	32766
3978	32777
3979	32825
3980	32874
3981	32923
3982	32972
3983	33020
3984	33069
3985	33118
3986	33168
3987	33217
3988	33267
3989	33316
3990	33365
3991	33415
3992	33464
3993	33514
3994	33564
3995	33614
3996	33664
3997	33714
3998	33764
3999	33814
4000	33864
4001	33915
4002	33965
4003	34016
4004	34067
4005	34117
4006	34168
4007	34218
4008	34269
4009	34320
4010	34371
4011	34422
4012	34474
4013	34525
4014	34576
4015	34627
4016	34678
4017	34730
4018	34782
4019	34834
4020	34886
4021	34937
4022	34989
4023	35041
4024	35093
4025	35146
4026	35198
4027	35251
4028	35303
4029	35356
4030	35408
4031	35461
4032	35513
4033	35566
4034	35619
4035	35672
4036	35725
4037	35778
4038	35831
4039	35884
4040	35937
4041	35991
4042	36045
4043	36098
4044	36152
4045	36206
4046	36260
4047	36313
4048	36367
4049	36422
4050	36476
4051	36531
4052	36585
4053	36640
4054	36694
4055	36749
4056	36803
4057	36858
4058	36913
4059	36968
4060	37023
4061	37078
4062	37133
4063	37188
4064	37243
4065	37299
4066	37355
4067	37410
4068	37466
4069	37522
4070	37578
4071	37633
4072	37689
4073	37746
4074	37802
4075	37859
4076	37915
4077	37972
4078	38028
4079	38085
4080	38141
4081	38198
4082	38255
4083	38312
4084	38369
4085	38426
4086	38483
4087	38540
4088	38597
4089	38655
4090	38713
4091	38771
4092	38829
4093	38886
4094	38944
4095	39002
